{
  "categories": [
    {
      "name": "Technology",
      "url": "category.html?category=Technology",
      "articles": [
        {
          "title": "The Lost Quack",
          "content": [
            { "type": "text", "text": "Quack, a ball of fluffy yellow feathers, peeped excitedly at the world beyond the familiar reeds of the duck pond. Mama Duck was busy leading his siblings in a diving lesson, their tiny bodies splashing happily. One moment Quack was watching, the next, a particularly juicy beetle caught his eye, wiggling near a clump of daisies. Before he knew it, Quack had waddled off the edge of the pond and into the unknown farmyard." },
            { "type": "image", "url": "../image/a1.1.jpeg" },
            { "type": "text", "text": "The farmyard was a symphony of new sights and sounds. A giant black and white cow mooed as she munched on hay. A majestic brown horse whinnied a greeting, its long mane flowing in the breeze. A gaggle of fluffy white sheep looked at Quack with wide, curious eyes." },
            { "type": "image", "url": "../image/a1.2.jpeg" },
            { "type": "text", "text": "Quack, excited by his adventure, forgot all about the beetle. He wandered further, the farmyard seeming to grow larger and more confusing with every step. He began to feel a little lost, a tiny peep escaping his beak. A large shadow fell upon him, and Quack looked up to see the friendly cow." },
            { "type": "image", "url": "../image/a1.3.jpeg" },
            { "type": "text", "text": " <b>Lost, little one?</b> she mooed gently. Quack, relieved, peeped in agreement. The cow, with a warm huff, pointed her head towards the horse. <b>Ask Mr. Mustang over there, he knows all the corners of this farm</b>. " },
            { "type": "image", "url": "../image/images.png" },
            { "type": "text", "text": "Quack waddled towards the horse, who lowered his head kindly. <b>Seems you've strayed a bit, chick,</b> Mr. Mustang whinnied calmly. He listened patiently as Quack described the familiar reeds by the pond. With a chuckle, Mr. Mustang nuzzled Quack with his soft nose. <b>Follow the sheep, little one. They spend their days nibbling all around the pond, they'll lead you right back.</b> "},
            { "type": "image", "url": "../image/images.png" },
            { "type": "text", "text": "Quack thanked Mr. Mustang with a grateful peep and followed the sheep. They nibbled their way across the farmyard, their soft baas guiding him closer and closer to the familiar sounds of quacking. Finally, there it was - the duck pond, glistening in the afternoon sun." },
            { "type": "image", "url": "../image/images.png" },
            { "type": "text", "text":"Mama Duck spotted him first and rushed over, her relief turning into a flurry of happy quacks. Quack snuggled close, never wanting to stray so far again. From that day on, Quack peeped excitedly at the world beyond the pond, but he always stayed close to Mama Duck, knowing that adventures were best shared." },
            { "type": "image", "url": "../image/images.png" },
            { "type": "text", "text":"<h5><b> Conclusion: </b></h5> Quack learned a valuable lesson that day. He realized the farmyard, while exciting, could be confusing for a little duckling. From then on, he explored with Mama Duck close by, their quacks a comforting duet as they waddled side by side. The farmyard held many wonders, but the greatest adventure of all was being safe and happy with his family."},
            { "type": "image", "url": "../image/images.png" },
            { "type": "text", "text":"<h5> <b> Lesson: </b></h5> Curiosity is a great thing, but it's important to explore new places with a trusted grown-up. They can help you stay safe and make sure you don't get lost!"}
          ]
        },
    {
      "title": "Embracing Mental Health: It's Okay to Not Be Okay",
      "content": [
        { "type": "text", "text": "Hey everyone, and welcome back to the channel! Today, we’re diving into a topic that's incredibly important but often overlooked: mental health." },
        { "type": "image", "url": "introduction.jpg" },
        { "type": "text", "text": "First things first, let's talk about the stigma surrounding mental health. It's crazy to think that in 2024, we still sometimes feel ashamed to admit we're struggling. Maybe you're worried about being judged or labeled. Maybe you think you should be able to handle everything on your own." },
        { "type": "text", "text": "But here's the thing: you're not alone. Millions of people around the world deal with mental health challenges. It doesn't make you weak; it makes you human." },
        { "type": "text", "text": "Think about it this way: if you broke your arm, you wouldn't hesitate to go to the doctor, right? Mental health is no different. It's okay to seek help!" },
        { "type": "image", "url": "breaking-the-stigma.jpg" },
        { "type": "text", "text": "So, let's talk about some specific things you might be experiencing. Maybe you're feeling overwhelmed with anxiety, like your mind is constantly racing and your body feels tense. Or perhaps you're struggling with depression, feeling down, exhausted, and losing interest in things you used to enjoy." },
        { "type": "image", "url": "common-challenges.jpg" },
        { "type": "text", "text": "These are just two examples of common mental health challenges. There are many others, and everyone's experience is unique. But the important thing to remember is that help is available." },
        { "type": "text", "text": "So, what can you do to take care of your mental health? Well, there's no one-size-fits-all answer, but there are some great tools you can add to your personal toolkit." },
        { "type": "text", "text": "Talking to someone you trust, like a friend, family member, therapist, or counselor, can be incredibly helpful. Sometimes just expressing your feelings can make a world of difference." },
        { "type": "image", "url": "talk-it-out.jpg" },
        { "type": "text", "text": "When you're well-rested, you're better equipped to handle stress and navigate challenges. Aim for 7-8 hours of quality sleep each night." },
        { "type": "text", "text": "Exercise is a powerful mood booster. Whether it's a brisk walk, a dance party in your living room, or joining a yoga class, physical activity is a great way to improve your mental well-being." },
        { "type": "text", "text": "What you eat affects how you feel. Opt for nutritious foods that will give you sustained energy and focus on staying hydrated." },
        { "type": "image", "url": "eat-well.jpg" },
        { "type": "text", "text": "Techniques like meditation, deep breathing, and spending time in nature can help calm your mind and reduce stress." },
        { "type": "text", "text": "Remember, it's okay to not be okay. Everyone has bad days, and that's perfectly normal. Don't beat yourself up if you're having a setback. Just pick yourself up, dust yourself off, and try again." },
        { "type": "image", "url": "its-okay.jpg" },
        { "type": "text", "text": "If you're struggling, there are people who want to help. There are many resources available online and in your community. Don't be afraid to reach out for help. You deserve to feel your best." },
        { "type": "text", "text": "Thank you for joining me today for this important conversation about mental health. I hope you learned something and feel encouraged to take care of your mental well-being. Until next time, take care and be kind to yourself." },
        { "type": "image", "url": "thank-you.jpg" }
      ]
}
  ]
},
    {
      "name": "Travel",
      "url": "category.html?category=Travel",
      "articles": [
        {
          "title": "Travel Article 1",
          "content": [
            { "type": "text", "text": "First paragraph of Travel Article 1" },
            { "type": "image", "url": "image4.jpg" },
            { "type": "text", "text": "Second paragraph of Travel Article 1" }
          ]
        }
      ]
    },
    { 
      "name": "Stress Management", 
      "url": "category.html?category=Stress Management",
      "articles": [
        {
          "title": "Travel Article 1",
          "content": [
            { "type": "text", "text": "First paragraph of Travel Article 1" },
            { "type": "image", "url": "image4.jpg" },
            { "type": "text", "text": "Second paragraph of Travel Article 1" }
          ]
        }
      ]
    },
    { 
      "name": "Building Healthy Habits", 
      "url": "category.html?category=Building Healthy Habits",
      "articles": [
        {
          "title": "Travel Article 1",
          "content": [
            { "type": "text", "text": "First paragraph of Travel Article 1" },
            { "type": "image", "url": "image4.jpg" },
            { "type": "text", "text": "Second paragraph of Travel Article 1" }
          ]
        }
      ]
    },
    { 
      "name": "Self-Care", 
      "url": "category.html?category=Self-Care",
      "articles": [
        {
          "title": "Travel Article 1",
          "content": [
            { "type": "text", "text": "First paragraph of Travel Article 1" },
            { "type": "image", "url": "image4.jpg" },
            { "type": "text", "text": "Second paragraph of Travel Article 1" }
          ]
        }
      ]
    },
    { 
      "name": "Positive Psychology", 
      "url": "category.html?category=Positive Psychology",
      "articles": [
        {
          "title": "Travel Article 1",
          "content": [
            { "type": "text", "text": "First paragraph of Travel Article 1" },
            { "type": "image", "url": "image4.jpg" },
            { "type": "text", "text": "Second paragraph of Travel Article 1" }
          ]
        }
      ]
    },
    { 
      "name": "Mental Health Awareness", 
      "url": "category.html?category=Mental Health Awareness",
      "articles": [
        {
          "title": "It's Okay to Not be okay",
          "content": [
{
  "type": "banner",
  "banner": {
    "html": "<div id='banner-container'></div>",
    "src": "../banner/banner1.html"
  }
},
            { "type": "text", "text": "Hey everyone, Today's topic is one that's incredibly important, but sometimes gets brushed under the rug: mental health."},
            { "type": "text", "text": "Let's face it, we all have mental health, just like we all have physical health. And just like our bodies, our minds can get sick or struggle sometimes." },
            { "type": "image", "url": "image4.jpg" },
            { "type": "text", "text": "In this Article, we're going to be talking openly and honestly about mental health. We'll debunk some myths, explore some common challenges, and most importantly, share resources to help you on your journey to feeling your best."},
           { "type": "text", "text": "First things first, let's talk about the stigma surrounding mental health. It's crazy to think that in 2024, we still sometimes feel ashamed to admit we're struggling. Maybe you're worried about being judged or labeled. Maybe you think you should be able to handle everything on your own." },
            { "type": "image", "url": "image4.jpg" },
            { "type": "text", "text": "But here's the thing: you're not alone. Millions of people around the world deal with mental health challenges.  It doesn't make you weak, it makes you human."},
            { "type": "text", "text": "Think about it this way: if you broke your arm, you wouldn't hesitate to go to the doctor, right?  Mental health is no different. It's okay to seek help!" },
            { "type": "image", "url": "image4.jpg" },
            { "type": "text", "text": "Alright, so let's talk about some specific things you might be experiencing.  Maybe you're feeling overwhelmed with anxiety, like your mind is constantly racing and your body feels tense. Or perhaps you're struggling with depression, feeling down, exhausted, and losing interest in things you used to enjoy."},
           { "type": "text", "text": "These are just two examples of common mental health challenges. There are many others, and everyone's experience is unique. But the important thing to remember is that there is help available." },
            { "type": "image", "url": "image4.jpg" },
            { "type": "text", "text": "So, what can you do to take care of your mental health? Well, there's no one-size-fits-all answer, but there are some great tools you can add to your personal toolkit."},
            { "type": "text", "text": "1. Talk it out: Talking to someone you trust, like a friend, family member, therapist, or counselor, can be incredibly helpful. Sometimes just expressing your feelings can make a world of difference."},
            { "type": "text", "text": "2. Prioritize Sleep: When you're well-rested, you're better equipped to handle stress and navigate challenges. Aim for 7-8 hours of quality sleep each night."},
            { "type": "text", "text": "3. Get Moving: Exercise is a powerful mood booster. Whether it's a brisk walk, a dance party in your living room, or joining a yoga class, physical activity is a great way to improve your mental well-being."},
            { "type": "text", "text": "4. Eat Well: What you eat affects how you feel. Opt for nutritious foods that will give you sustained energy and focus on staying hydrated."},
            { "type": "text", "text": "5. Mindfulness & Relaxation: Techniques like meditation, deep breathing, and spending time in nature can help calm your mind and reduce stress." },
            { "type": "image", "url": "image4.jpg" },
            { "type": "text", "text": "<b><h6>It's Okay to Not be okay</h6></b>"},
            { "type": "text", "text": "Remember, it's okay to not be okay.  Everyone has bad days, and that's perfectly normal. Don't beat yourself up if you're having a setback. Just pick yourself up, dust yourself off, and try again." },
            { "type": "image", "url": "image4.jpg" },
            { "type": "text", "text": "If you're struggling, there are people who want to help. There are many others available online and in your community. Don't be afraid to reach out for help. You deserve to feel your best."},
            { "type": "text", "text": "Thanks for joining me today for this important conversation about mental health. I hope you learned something" },
            { "type": "image", "url": "image4.jpg" }
          ]
        }
      ]
    },
    { 
      "name": "Mindfulness and Meditation", 
      "url": "category.html?category=Mindfulness and Meditation",
      "articles": [
        {
          "title": "Travel Article 1",
          "content": [
            { "type": "text", "text": "First paragraph of Travel Article 1" },
            { "type": "image", "url": "image4.jpg" },
            { "type": "text", "text": "Second paragraph of Travel Article 1" }
          ]
        }
      ]
    },
    { 
      "name": "Anxiety Relief and Management", 
      "url": "category.html?category=Anxiety Relief and Management",
      "articles": [
        {
          "title": "Travel Article 1",
          "content": [
            { "type": "text", "text": "First paragraph of Travel Article 1" },
            { "type": "image", "url": "image4.jpg" },
            { "type": "text", "text": "Second paragraph of Travel Article 1" }
          ]
        }
      ]
    },
    { 
      "name": "Sleep Improvement and Healthy Sleep Habits", 
      "url": "category.html?category=Sleep Improvement and Healthy Sleep Habits",
      "articles": [
        {
          "title": "Travel Article 1",
          "content": [
            { "type": "text", "text": "First paragraph of Travel Article 1" },
            { "type": "image", "url": "image4.jpg" },
            { "type": "text", "text": "Second paragraph of Travel Article 1" }
          ]
        }
      ]
    },
    { 
      "name": "Nutrition for Mental Wellbeing", 
      "url": "category.html?category=Nutrition for Mental Wellbeing",
      "articles": [
        {
          "title": "Travel Article 1",
          "content": [
            { "type": "text", "text": "First paragraph of Travel Article 1" },
            { "type": "image", "url": "image4.jpg" },
            { "type": "text", "text": "Second paragraph of Travel Article 1" }
          ]
        }
      ]
    },
    { 
      "name": "Exercise and Movement for Mental Health", 
      "url": "category.html?category=Exercise and Movement for Mental Health",
      "articles": [
        {
          "title": "Travel Article 1",
          "content": [
            { "type": "text", "text": "First paragraph of Travel Article 1" },
            { "type": "image", "url": "image4.jpg" },
            { "type": "text", "text": "Second paragraph of Travel Article 1" }
          ]
        }
      ]
    },
     { 
      "name": "Digital Detox Tech Balance", 
      "url": "category.html?category=Digital Detox and Tech Balance",
      "articles": [
        {
          "title": "Travel Article 1",
          "content": [
            { "type": "text", "text": "First paragraph of Travel Article 1" },
            { "type": "image", "url": "image4.jpg" },
            { "type": "text", "text": "Second paragraph of Travel Article 1" }
          ]
        }
      ]
    },
    { 
      "name": "Art Therapy and Creative Expression", 
      "url": "category.html?category=Art Therapy Creative Expression",
      "articles": [
        {
          "title": "Travel Article 1",
          "content": [
            { "type": "text", "text": "First paragraph of Travel Article 1" },
            { "type": "image", "url": "image4.jpg" },
            { "type": "text", "text": "Second paragraph of Travel Article 1" }
          ]
        }
      ]
    },
    { 
      "name": "Nature Therapy and Spending Time Outdoors", 
      "url": "category.html?category=Nature Therapy Spending Time Outdoors",
      "articles": [
        {
          "title": "Travel Article 1",
          "content": [
            { "type": "text", "text": "First paragraph of Travel Article 1" },
            { "type": "image", "url": "image4.jpg" },
            { "type": "text", "text": "Second paragraph of Travel Article 1" }
          ]
        }
      ]
    },
    { 
      "name": "Building Resilience and Coping Mechanisms", 
      "url": "category.html?category=Building Resilience and Coping Mechanisms",
      "articles": [
        {
          "title": "Travel Article 1",
          "content": [
            { "type": "text", "text": "First paragraph of Travel Article 1" },
            { "type": "image", "url": "image4.jpg" },
            { "type": "text", "text": "Second paragraph of Travel Article 1" }
          ]
        }
      ]
    },
    { 
      "name": "Relationship and Social Connection for Mental Health", 
      "url": "category.html?category=Relationship and Social Connection for Mental Health",
      "articles": [
        {
          "title": "Travel Article 1",
          "content": [
            { "type": "text", "text": "First paragraph of Travel Article 1" },
            { "type": "image", "url": "image4.jpg" },
            { "type": "text", "text": "Second paragraph of Travel Article 1" }
          ]
        }
      ]
    }
  ],
  "trendingArticles": [
    {
      "title": "10 Tips for Better Sleep",
      "content": [
        { "type": "text", "text": "Discover 10 practical tips to improve your sleep quality and wake up feeling refreshed and energized." }
        ]
    },
    {
      "title": "1000 Tips for Better life",
      "content": [
        { "type": "text", "text": "Discover 10 practical tips to improve your sleep quality and wake up feeling refreshed and energized." }
      ]
    },
    {
      "title": "The Benefits of Meditation",
      "content": [
        { "type": "text", "text": "Explore the profound benefits of incorporating meditation into your daily routine for improved mental and emotional well-being." }
      ]
    },
    {
      "title": "Healthy Eating Habits",
      "content": [
        { "type": "text", "text": "Learn how to cultivate healthy eating habits that nourish your body and support overall wellness." }
      ]
    }
  ],
  "popularCategories": [
    { "name": "Stress Management", "url": "category.html?category=Stress Management" },
    { "name": "Building Healthy Habits", "url": "category.html?category=BuildingHealthyHabits" },
    { "name": "Self-Care", "url": "category.html?category=Self-Care" },
    { "name": "Positive Psychology", "url": "category.html?category=Positive Psychology" },
    { "name": "Mental Health Awareness", "url": "category.html?category=Mental Health Awareness" },
    { "name": "Mindfulness and Meditation", "url": "category.html?category=Mindfulness and Meditation" },
    { "name": "Anxiety Relief and Management", "url": "category.html?category=Anxiety Relief and Management" },
    { "name": "Sleep Improvement and Healthy Sleep Habits", "url": "category.html?category=Sleep Improvement Healthy and Sleep Habits" },
    { "name": "Nutrition for Mental Wellbeing", "url": "category.html?category=Nutrition for Mental Wellbeing" },
    { "name": "Exercise and Movement for Mental Health", "url": "category.html?category=Exercise and Movement for Mental Health" },
     { "name": "Digital Detox and Tech Balance", "url": "category.html?category=Digital Detox and Tech Balance" },
    { "name": "Art Therapy and Creative Expression", "url": "category.html?category=Art Therapy and Creative Expression" },
    { "name": "Nature Therapy and Spending Time Outdoors", "url": "category.html?category=Nature Therapy and Spending Time Outdoors" },
    { "name": "Building Resilience and Coping Mechanisms", "url": "category.html?category=Building Resilience and Coping Mechanisms"},
    { "name": "Relationship and Social Connection for Mental Health", "url": "category.html?category=Relationship and Social Connection for Mental Health" }
  ],
  "featuredVideos": [
    {
      "title": "Introduction to Yoga",
      "url": "https://www.youtube.com/embed/xyz123"
    },
    {
      "title": "Cooking Tutorial: Homemade Pizza",
      "url": "https://www.youtube.com/embed/abc456"
    }
  ]
}

